<?xml version="1.0" encoding="UTF-8"?>

<configuration xmlns="http://logging.apache.org/log4php/">

    <appender name="default" class="LoggerAppenderDailyFile">
        <layout class="LoggerLayoutPattern">
            <param name="conversionPattern" value="%date{Y-m-d H:i:s.u} [%logger:%line] [%level] - %msg%n" />
        </layout>
        
        <param name="file" value="C:/xampp/htdocs/Bertschi-Imports/Logs/Bertschi_Imports_%s.log" />
        <param name="append" value="true" />
    </appender>
    
    <root>
        <appender_ref ref="default" />
    </root>
</configuration>